{"data": [1.0, 0.6139552833322579, 0.4538870110343068, 0.5089521285656541, 0.3975087698545026, 0.3573002561069285, 0.44718843730377283, 0.5676516148245632, 0.28285179172454156, 0.519736025914132, 0.3194424422430589, 0.49570572353421893, 0.3725029770458559, 0.27117667107444693, 0.337210672341511, 0.43006776215341314, 0.3758560752755015, 0.3410575027809049, 0.19374057783787635, 0.35184638719790534, 0.3410575027809049, 0.2287717102918527, 0.3410575027809049, 0.3410575027809049, 0.2965653101661786, 0.16958237538888146, 0.26525224932580854, 0.24583024023312183, 0.1762678640963561, 0.20610808848105894], "indices": [5979, 1618, 5756, 5259, 4272, 2032, 3261, 3831, 718, 4606, 2032, 4747, 2073, 2406, 2021, 4637, 3418, 89, 4392, 2963, 5383, 4821, 1358, 1083, 2965, 2403, 1398, 850, 5124, 5273], "indptr": [0, 1, 5, 10, 17, 30], "shape": [5, 5992]}